code,hunger,saturation
REG_1,1,0.2
REG_2,2,0.2
REG_3,3,0.6
REG_4,4,0.6
REG_5,5,1.2
REG_6,6,1.2
REG_7,7,1.2
REG_8,8,1.2
REG_9,9,1.5
REG_10,10,1.6
REG_11,11,1.7
REG_12,12,1.8
REG_13,13,1.9
REG_14,14,2.0
REG_15,15,2.1
REG_16,16,2.2
REG_17,17,2.3
REG_18,18,2.4
REG_19,19,2.5
REG_20,20,2.6
